timestamp,site_id,panel_id,irradiance_wm2,temperature_c,voltage_v,current_a
2026-09-17T08:00:00+00:00,GO_ANAPOLIS_01,GTX_14551,215.4,22.8,31.2,2.8
2026-09-17T08:05:00+00:00,GO_ANAPOLIS_01,GTX_14551,248.7,23.1,32.0,3.1
2026-09-17T08:10:00+00:00,GO_ANAPOLIS_01,GTX_14552,301.5,23.7,33.4,3.8
2026-09-17T08:10:00+00:00,GO_ANAPOLIS_01,GTX_14552,301.5,23.7,33.4,3.8
2026-09-17T08:15:00+00:00,GO_ANAPOLIS_01,GTX_14553,356.2,24.2,34.1,4.2
2026-09-17T08:20:00+00:00,GO_ANAPOLIS_01,GTX_14551,-45.0,24.8,34.8,4.6
2026-09-17T08:25:00+00:00,GO_ANAPOLIS_01,GTX_14552,429.8,,35.6,5.0
2026-09-17T08:30:00+00:00,GO_ANAPOLIS_01,GTX_14553,482.1,26.0,36.4,5.5
2026-09-17T08:00:00+00:00,GO_GOIANIA_01,GTX_14551,198.3,23.4,30.8,2.5
2026-09-17T08:05:00+00:00,GO_GOIANIA_01,GTX_14552,236.6,23.9,31.7,2.9
2026-09-17T08:10:00+00:00,GO_GOIANIA_01,GTX_14553,285.4,24.5,32.9,3.5
2026-09-17T08:15:00+00:00,GO_GOIANIA_01,GTX_14551,338.9,25.1,33.8,4.0
2026-09-17T08:15:00+00:00,GO_GOIANIA_01,GTX_14551,347.2,25.3,34.2,4.1
2026-09-17T08:20:00+00:00,GO_GOIANIA_01,GTX_14552,391.7,25.8,35.0,4.5
2026-09-17T08:25:00+00:00,GO_GOIANIA_01,GTX_14553,447.5,26.4,35.9,5.1